Price,Name,Colors,Link
"469,99 zł",Nike Full Force Low,2 kolory,https://www.nike.com/pl/t/buty-meskie-full-force-low-Ssz1tn/FB1362-101
"599,99 zł",Nike Go FlyEase,2 kolory,https://www.nike.com/pl/t/buty-z-systemem-latwego-wkladania-i-zdejmowania-go-flyease-nfbRvV/DR5540-102
"549,99 zł",Nike Air Force 1 '07,2 kolory,https://www.nike.com/pl/t/buty-meskie-air-force-1-07-CFVMS0/CW2288-111
"759,99 zł",Nike Air Max Pulse,5 kolorów,https://www.nike.com/pl/t/buty-meskie-air-max-pulse-tLDqhN/FN7459-400
"399,99 zł",Nike Air Max Alpha Trainer 5,1 kolor,https://www.nike.com/pl/t/meskie-buty-treningowe-air-max-alpha-trainer-5-rdbbk2/DM0829-010
"549,99 zł",Nike Air Force 1 Flyknit 2.0,1 kolor,https://www.nike.com/pl/t/buty-air-force-1-flyknit-2-L5q9GR/AV3042-100
"629,99 zł",Nike Air Huarache,2 kolory,https://www.nike.com/pl/t/buty-meskie-air-huarache-gZZRXs/DD1068-002
"349,99 zł",Nike Air Monarch IV,3 kolory,https://www.nike.com/pl/t/meskie-buty-treningowe-air-monarch-iv-dHvlpg/415445-102
"749,99 zł",Nike Air Max 90,2 kolory,https://www.nike.com/pl/t/buty-meskie-air-max-90-56b7nN/FJ4218-001
"929,99 zł",Nike Air Max Plus,1 kolor,https://www.nike.com/pl/t/buty-meskie-air-max-plus-5cwX2G/HF4293-001
"629,99 zł",Jordan Max Aura 5,5 kolorów,https://www.nike.com/pl/t/buty-meskie-jordan-max-aura-3-xstMgH/DZ4353-101
"799,99 zł",Nike Air Max Dn,7 kolorów,https://www.nike.com/pl/t/buty-meskie-air-max-dn-SBVfbL/DV3337-003
"349,99 zł",Nike Court Vision Low Next Nature,6 kolorów,https://www.nike.com/pl/t/buty-meskie-court-vision-low-next-nature-zFk7HL/DH2987-100
"759,99 zł",Nike Air Max 90,1 kolor,https://www.nike.com/pl/t/buty-meskie-air-max-90-QMcHLr/DZ4504-002
"799,99 zł",Nike Air Max Pulse Roam,2 kolory,https://www.nike.com/pl/t/buty-meskie-air-max-pulse-roam-SBmD6M/DZ3544-001
"649,99 zł",Nike Air Presto,2 kolory,https://www.nike.com/pl/t/buty-meskie-air-presto-m6pTVH/CT3550-001
"489,99 zł",Nike Full Force Low,1 kolor,https://www.nike.com/pl/t/buty-meskie-full-force-low-lRFhLd/FZ3595-100
"579,99 zł",Nike Air Max Excee,2 kolory,https://www.nike.com/pl/t/buty-meskie-air-max-excee-dSNqNT/CD4165-100
"379,99 zł",Nike Court Vision Low,1 kolor,https://www.nike.com/pl/t/buty-meskie-court-vision-low-qNJnrx/FD0320-133
"629,99 zł",Nike Air Force 1 '07,3 kolory,https://www.nike.com/pl/t/buty-meskie-air-force-1-07-QMx6sn/FZ4625-001
"879,99 zł",Nike Air Max Plus III,1 kolor,https://www.nike.com/pl/t/buty-meskie-air-max-plus-iii-mJkmzK/CJ9684-002
"599,99 zł",Luka 2 „Luk.AI”,5 kolorów,https://www.nike.com/pl/t/buty-do-koszykowki-luka-2-lukai-lkKXt8/DX8733-001
"499,99 zł",Air Jordan Mule,1 kolor,https://www.nike.com/pl/t/buty-do-golfa-air-jordan-mule-gPSHBj/FJ1214-400
"829,99 zł",Nike ISPA MindBody,1 kolor,https://www.nike.com/pl/t/buty-meskie-ispa-mindbody-pCkks9/DH7546-100
